cell_id,cycle,capacity_ah,ambient_temp_c
B0005,1,1.8565,24.0
B0005,2,1.8463,24.0
B0005,3,1.8353,24.0
B0005,4,1.8353,24.0
B0005,5,1.8346,24.0
B0005,6,1.8357,24.0
B0005,7,1.8351,24.0
B0005,8,1.8258,24.0
B0005,9,1.8248,24.0
B0005,10,1.8246,24.0
B0005,11,1.8246,24.0
B0005,12,1.8142,24.0
B0005,13,1.8138,24.0
B0005,14,1.8134,24.0
B0005,15,1.8026,24.0
B0005,16,1.8021,24.0
B0005,17,1.8026,24.0
B0005,18,1.8031,24.0
B0005,19,1.8028,24.0
B0005,20,1.847,24.0
B0005,21,1.8474,24.0
B0005,22,1.8362,24.0
B0005,23,1.8258,24.0
B0005,24,1.8251,24.0
B0005,25,1.8256,24.0
B0005,26,1.814,24.0
B0005,27,1.8148,24.0
B0005,28,1.814,24.0
B0005,29,1.8028,24.0
B0005,30,1.8041,24.0
B0005,31,1.8518,24.0
B0005,32,1.8307,24.0
B0005,33,1.8199,24.0
B0005,34,1.8093,24.0
B0005,35,1.8046,24.0
B0005,36,1.7994,24.0
B0005,37,1.7884,24.0
B0005,38,1.7829,24.0
B0005,39,1.773,24.0
B0005,40,1.773,24.0
B0005,41,1.7679,24.0
B0005,42,1.7623,24.0
B0005,43,1.7676,24.0
B0005,44,1.7627,24.0
B0005,45,1.7517,24.0
B0005,46,1.7418,24.0
B0005,47,1.7361,24.0
B0005,48,1.7936,24.0
B0005,49,1.7832,24.0
B0005,50,1.7674,24.0
B0005,51,1.757,24.0
B0005,52,1.7469,24.0
B0005,53,1.7417,24.0
B0005,54,1.7364,24.0
B0005,55,1.7263,24.0
B0005,56,1.7158,24.0
B0005,57,1.7105,24.0
B0005,58,1.706,24.0
B0005,59,1.7003,24.0
B0005,60,1.6946,24.0
B0005,61,1.6849,24.0
B0005,62,1.6745,24.0
B0005,63,1.6746,24.0
B0005,64,1.6637,24.0
B0005,65,1.659,24.0
B0005,66,1.6539,24.0
B0005,67,1.6427,24.0
B0005,68,1.6379,24.0
B0005,69,1.6327,24.0
B0005,70,1.6278,24.0
B0005,71,1.6221,24.0
B0005,72,1.6113,24.0
B0005,73,1.6066,24.0
B0005,74,1.6015,24.0
B0005,75,1.5904,24.0
B0005,76,1.5858,24.0
B0005,77,1.5849,24.0
B0005,78,1.5955,24.0
B0005,79,1.5747,24.0
B0005,80,1.5649,24.0
B0005,81,1.5598,24.0
B0005,82,1.5595,24.0
B0005,83,1.5547,24.0
B0005,84,1.5489,24.0
B0005,85,1.5382,24.0
B0005,86,1.5279,24.0
B0005,87,1.5285,24.0
B0005,88,1.5226,24.0
B0005,89,1.5175,24.0
B0005,90,1.6058,24.0
B0005,91,1.5638,24.0
B0005,92,1.5481,24.0
B0005,93,1.5324,24.0
B0005,94,1.527,24.0
B0005,95,1.517,24.0
B0005,96,1.5119,24.0
B0005,97,1.5066,24.0
B0005,98,1.5015,24.0
B0005,99,1.4908,24.0
B0005,100,1.4859,24.0
B0005,101,1.4804,24.0
B0005,102,1.4752,24.0
B0005,103,1.4859,24.0
B0005,104,1.4961,24.0
B0005,105,1.4808,24.0
B0005,106,1.4698,24.0
B0005,107,1.4539,24.0
B0005,108,1.4541,24.0
B0005,109,1.455,24.0
B0005,110,1.449,24.0
B0005,111,1.4387,24.0
B0005,112,1.4334,24.0
B0005,113,1.4334,24.0
B0005,114,1.4281,24.0
B0005,115,1.4229,24.0
B0005,116,1.4174,24.0
B0005,117,1.4124,24.0
B0005,118,1.4126,24.0
B0005,119,1.4076,24.0
B0005,120,1.4334,24.0
B0005,121,1.4383,24.0
B0005,122,1.4174,24.0
B0005,123,1.407,24.0
B0005,124,1.4012,24.0
B0005,125,1.3967,24.0
B0005,126,1.3913,24.0
B0005,127,1.3862,24.0
B0005,128,1.3804,24.0
B0005,129,1.3752,24.0
B0005,130,1.3705,24.0
B0005,131,1.3705,24.0
B0005,132,1.3647,24.0
B0005,133,1.3754,24.0
B0005,134,1.3861,24.0
B0005,135,1.3699,24.0
B0005,136,1.3648,24.0
B0005,137,1.3543,24.0
B0005,138,1.3546,24.0
B0005,139,1.3547,24.0
B0005,140,1.3493,24.0
B0005,141,1.3442,24.0
B0005,142,1.339,24.0
B0005,143,1.3389,24.0
B0005,144,1.334,24.0
B0005,145,1.3286,24.0
B0005,146,1.3232,24.0
B0005,147,1.3182,24.0
B0005,148,1.3185,24.0
B0005,149,1.3183,24.0
B0005,150,1.3239,24.0
B0005,151,1.3601,24.0
B0005,152,1.3395,24.0
B0005,153,1.329,24.0
B0005,154,1.3237,24.0
B0005,155,1.3186,24.0
B0005,156,1.3135,24.0
B0005,157,1.3132,24.0
B0005,158,1.3078,24.0
B0005,159,1.303,24.0
B0005,160,1.3034,24.0
B0005,161,1.3034,24.0
B0005,162,1.2979,24.0
B0005,163,1.2981,24.0
B0005,164,1.2935,24.0
B0005,165,1.288,24.0
B0005,166,1.2875,24.0
B0005,167,1.309,24.0
B0005,168,1.3251,24.0
B0006,1,2.0353,24.0
B0006,2,2.0251,24.0
B0006,3,2.0133,24.0
B0006,4,2.0133,24.0
B0006,5,2.0005,24.0
B0006,6,2.0139,24.0
B0006,7,2.0131,24.0
B0006,8,1.9688,24.0
B0006,9,1.9682,24.0
B0006,10,1.9572,24.0
B0006,11,1.9456,24.0
B0006,12,1.9348,24.0
B0006,13,1.9233,24.0
B0006,14,1.9119,24.0
B0006,15,1.9011,24.0
B0006,16,1.8892,24.0
B0006,17,1.8783,24.0
B0006,18,1.8676,24.0
B0006,19,1.8676,24.0
B0006,20,1.9796,24.0
B0006,21,1.9575,24.0
B0006,22,1.9458,24.0
B0006,23,1.9242,24.0
B0006,24,1.946,24.0
B0006,25,1.9014,24.0
B0006,26,1.8787,24.0
B0006,27,1.8683,24.0
B0006,28,1.856,24.0
B0006,29,1.8452,24.0
B0006,30,1.8572,24.0
B0006,31,1.9248,24.0
B0006,32,1.8822,24.0
B0006,33,1.8553,24.0
B0006,34,1.8393,24.0
B0006,35,1.8185,24.0
B0006,36,1.8135,24.0
B0006,37,1.7971,24.0
B0006,38,1.781,24.0
B0006,39,1.771,24.0
B0006,40,1.7605,24.0
B0006,41,1.7503,24.0
B0006,42,1.7395,24.0
B0006,43,1.7547,24.0
B0006,44,1.7659,24.0
B0006,45,1.7338,24.0
B0006,46,1.7133,24.0
B0006,47,1.7024,24.0
B0006,48,1.8237,24.0
B0006,49,1.8081,24.0
B0006,50,1.7758,24.0
B0006,51,1.7447,24.0
B0006,52,1.7292,24.0
B0006,53,1.7081,24.0
B0006,54,1.6976,24.0
B0006,55,1.6821,24.0
B0006,56,1.6715,24.0
B0006,57,1.6608,24.0
B0006,58,1.6511,24.0
B0006,59,1.6401,24.0
B0006,60,1.6292,24.0
B0006,61,1.6088,24.0
B0006,62,1.6035,24.0
B0006,63,1.599,24.0
B0006,64,1.5876,24.0
B0006,65,1.583,24.0
B0006,66,1.5671,24.0
B0006,67,1.5613,24.0
B0006,68,1.5512,24.0
B0006,69,1.5407,24.0
B0006,70,1.5253,24.0
B0006,71,1.5302,24.0
B0006,72,1.5247,24.0
B0006,73,1.5145,24.0
B0006,74,1.5094,24.0
B0006,75,1.504,24.0
B0006,76,1.4935,24.0
B0006,77,1.4876,24.0
B0006,78,1.5303,24.0
B0006,79,1.5041,24.0
B0006,80,1.4888,24.0
B0006,81,1.4783,24.0
B0006,82,1.4785,24.0
B0006,83,1.4732,24.0
B0006,84,1.4675,24.0
B0006,85,1.4516,24.0
B0006,86,1.4519,24.0
B0006,87,1.4471,24.0
B0006,88,1.4469,24.0
B0006,89,1.4417,24.0
B0006,90,1.5936,24.0
B0006,91,1.5464,24.0
B0006,92,1.5147,24.0
B0006,93,1.499,24.0
B0006,94,1.4831,24.0
B0006,95,1.473,24.0
B0006,96,1.4628,24.0
B0006,97,1.4518,24.0
B0006,98,1.4469,24.0
B0006,99,1.4414,24.0
B0006,100,1.4312,24.0
B0006,101,1.426,24.0
B0006,102,1.4205,24.0
B0006,103,1.4207,24.0
B0006,104,1.4523,24.0
B0006,105,1.4316,24.0
B0006,106,1.415,24.0
B0006,107,1.4097,24.0
B0006,108,1.4049,24.0
B0006,109,1.3952,24.0
B0006,110,1.3945,24.0
B0006,111,1.3893,24.0
B0006,112,1.3838,24.0
B0006,113,1.3737,24.0
B0006,114,1.3786,24.0
B0006,115,1.3738,24.0
B0006,116,1.3683,24.0
B0006,117,1.3633,24.0
B0006,118,1.3581,24.0
B0006,119,1.3533,24.0
B0006,120,1.3842,24.0
B0006,121,1.4051,24.0
B0006,122,1.3787,24.0
B0006,123,1.3683,24.0
B0006,124,1.3573,24.0
B0006,125,1.3525,24.0
B0006,126,1.3474,24.0
B0006,127,1.337,24.0
B0006,128,1.3312,24.0
B0006,129,1.3259,24.0
B0006,130,1.3216,24.0
B0006,131,1.3212,24.0
B0006,132,1.3156,24.0
B0006,133,1.3209,24.0
B0006,134,1.3474,24.0
B0006,135,1.326,24.0
B0006,136,1.3101,24.0
B0006,137,1.3052,24.0
B0006,138,1.3004,24.0
B0006,139,1.3002,24.0
B0006,140,1.2895,24.0
B0006,141,1.2793,24.0
B0006,142,1.2792,24.0
B0006,143,1.274,24.0
B0006,144,1.2741,24.0
B0006,145,1.2638,24.0
B0006,146,1.2581,24.0
B0006,147,1.2533,24.0
B0006,148,1.2532,24.0
B0006,149,1.2481,24.0
B0006,150,1.2534,24.0
B0006,151,1.2898,24.0
B0006,152,1.2635,24.0
B0006,153,1.248,24.0
B0006,154,1.2321,24.0
B0006,155,1.2271,24.0
B0006,156,1.2217,24.0
B0006,157,1.2111,24.0
B0006,158,1.2056,24.0
B0006,159,1.2009,24.0
B0006,160,1.1906,24.0
B0006,161,1.1852,24.0
B0006,162,1.1797,24.0
B0006,163,1.1746,24.0
B0006,164,1.1538,24.0
B0006,165,1.1644,24.0
B0006,166,1.1588,24.0
B0006,167,1.175,24.0
B0006,168,1.1857,24.0
B0007,1,1.8911,24.0
B0007,2,1.8806,24.0
B0007,3,1.8807,24.0
B0007,4,1.8808,24.0
B0007,5,1.8795,24.0
B0007,6,1.8807,24.0
B0007,7,1.8799,24.0
B0007,8,1.8815,24.0
B0007,9,1.8697,24.0
B0007,10,1.8701,24.0
B0007,11,1.87,24.0
B0007,12,1.8597,24.0
B0007,13,1.8591,24.0
B0007,14,1.859,24.0
B0007,15,1.8594,24.0
B0007,16,1.8587,24.0
B0007,17,1.8478,24.0
B0007,18,1.8485,24.0
B0007,19,1.8484,24.0
B0007,20,1.8808,24.0
B0007,21,1.8815,24.0
B0007,22,1.8811,24.0
B0007,23,1.871,24.0
B0007,24,1.8702,24.0
B0007,25,1.8707,24.0
B0007,26,1.8596,24.0
B0007,27,1.86,24.0
B0007,28,1.8592,24.0
B0007,29,1.8481,24.0
B0007,30,1.8492,24.0
B0007,31,1.8835,24.0
B0007,32,1.8628,24.0
B0007,33,1.8521,24.0
B0007,34,1.847,24.0
B0007,35,1.8368,24.0
B0007,36,1.8372,24.0
B0007,37,1.8317,24.0
B0007,38,1.8211,24.0
B0007,39,1.8165,24.0
B0007,40,1.8114,24.0
B0007,41,1.8116,24.0
B0007,42,1.8061,24.0
B0007,43,1.8132,24.0
B0007,44,1.8063,24.0
B0007,45,1.7958,24.0
B0007,46,1.7859,24.0
B0007,47,1.7803,24.0
B0007,48,1.8151,24.0
B0007,49,1.8157,24.0
B0007,50,1.8002,24.0
B0007,51,1.7904,24.0
B0007,52,1.7803,24.0
B0007,53,1.7753,24.0
B0007,54,1.7703,24.0
B0007,55,1.7601,24.0
B0007,56,1.7496,24.0
B0007,57,1.7497,24.0
B0007,58,1.745,24.0
B0007,59,1.7396,24.0
B0007,60,1.7286,24.0
B0007,61,1.7239,24.0
B0007,62,1.714,24.0
B0007,63,1.714,24.0
B0007,64,1.7037,24.0
B0007,65,1.704,24.0
B0007,66,1.6936,24.0
B0007,67,1.6877,24.0
B0007,68,1.6831,24.0
B0007,69,1.6779,24.0
B0007,70,1.6732,24.0
B0007,71,1.6674,24.0
B0007,72,1.6623,24.0
B0007,73,1.6574,24.0
B0007,74,1.6525,24.0
B0007,75,1.6472,24.0
B0007,76,1.6364,24.0
B0007,77,1.6363,24.0
B0007,78,1.6411,24.0
B0007,79,1.6316,24.0
B0007,80,1.6212,24.0
B0007,81,1.6164,24.0
B0007,82,1.6158,24.0
B0007,83,1.6167,24.0
B0007,84,1.6109,24.0
B0007,85,1.6007,24.0
B0007,86,1.5959,24.0
B0007,87,1.5962,24.0
B0007,88,1.5958,24.0
B0007,89,1.5907,24.0
B0007,90,1.6888,24.0
B0007,91,1.626,24.0
B0007,92,1.6157,24.0
B0007,93,1.6057,24.0
B0007,94,1.595,24.0
B0007,95,1.5904,24.0
B0007,96,1.5854,24.0
B0007,97,1.58,24.0
B0007,98,1.5752,24.0
B0007,99,1.5698,24.0
B0007,100,1.5703,24.0
B0007,101,1.5652,24.0
B0007,102,1.5596,24.0
B0007,103,1.565,24.0
B0007,104,1.575,24.0
B0007,105,1.5653,24.0
B0007,106,1.5598,24.0
B0007,107,1.5499,24.0
B0007,108,1.5439,24.0
B0007,109,1.545,24.0
B0007,110,1.5446,24.0
B0007,111,1.5343,24.0
B0007,112,1.5288,24.0
B0007,113,1.5289,24.0
B0007,114,1.5291,24.0
B0007,115,1.5239,24.0
B0007,116,1.5187,24.0
B0007,117,1.5136,24.0
B0007,118,1.5136,24.0
B0007,119,1.5139,24.0
B0007,120,1.534,24.0
B0007,121,1.5391,24.0
B0007,122,1.5236,24.0
B0007,123,1.5136,24.0
B0007,124,1.5078,24.0
B0007,125,1.5032,24.0
B0007,126,1.4978,24.0
B0007,127,1.4928,24.0
B0007,128,1.4924,24.0
B0007,129,1.4875,24.0
B0007,130,1.4825,24.0
B0007,131,1.4828,24.0
B0007,132,1.477,24.0
B0007,133,1.4819,24.0
B0007,134,1.4981,24.0
B0007,135,1.4821,24.0
B0007,136,1.4771,24.0
B0007,137,1.4721,24.0
B0007,138,1.4722,24.0
B0007,139,1.467,24.0
B0007,140,1.4618,24.0
B0007,141,1.4567,24.0
B0007,142,1.4514,24.0
B0007,143,1.4516,24.0
B0007,144,1.4468,24.0
B0007,145,1.4468,24.0
B0007,146,1.4414,24.0
B0007,147,1.4362,24.0
B0007,148,1.4368,24.0
B0007,149,1.4363,24.0
B0007,150,1.4419,24.0
B0007,151,1.4672,24.0
B0007,152,1.4519,24.0
B0007,153,1.4471,24.0
B0007,154,1.4418,24.0
B0007,155,1.4316,24.0
B0007,156,1.4318,24.0
B0007,157,1.4263,24.0
B0007,158,1.4261,24.0
B0007,159,1.4213,24.0
B0007,160,1.4163,24.0
B0007,161,1.4166,24.0
B0007,162,1.4108,24.0
B0007,163,1.411,24.0
B0007,164,1.4062,24.0
B0007,165,1.4063,24.0
B0007,166,1.4005,24.0
B0007,167,1.4218,24.0
B0007,168,1.4325,24.0
B0018,1,1.855,24.0
B0018,2,1.8432,24.0
B0018,3,1.8396,24.0
B0018,4,1.8307,24.0
B0018,5,1.8327,24.0
B0018,6,1.8285,24.0
B0018,7,1.8212,24.0
B0018,8,1.8152,24.0
B0018,9,1.8043,24.0
B0018,10,1.8231,24.0
B0018,11,1.8121,24.0
B0018,12,1.8047,24.0
B0018,13,1.7908,24.0
B0018,14,1.7835,24.0
B0018,15,1.7809,24.0
B0018,16,1.7712,24.0
B0018,17,1.7686,24.0
B0018,18,1.7536,24.0
B0018,19,1.7462,24.0
B0018,20,1.7377,24.0
B0018,21,1.7315,24.0
B0018,22,1.7086,24.0
B0018,23,1.7115,24.0
B0018,24,1.7075,24.0
B0018,25,1.7492,24.0
B0018,26,1.7328,24.0
B0018,27,1.7222,24.0
B0018,28,1.7118,24.0
B0018,29,1.6993,24.0
B0018,30,1.694,24.0
B0018,31,1.6819,24.0
B0018,32,1.677,24.0
B0018,33,1.6655,24.0
B0018,34,1.6572,24.0
B0018,35,1.6482,24.0
B0018,36,1.6388,24.0
B0018,37,1.6276,24.0
B0018,38,1.6222,24.0
B0018,39,1.614,24.0
B0018,40,1.6761,24.0
B0018,41,1.6493,24.0
B0018,42,1.6324,24.0
B0018,43,1.6164,24.0
B0018,44,1.6109,24.0
B0018,45,1.5955,24.0
B0018,46,1.7267,24.0
B0018,47,1.7166,24.0
B0018,48,1.6958,24.0
B0018,49,1.6778,24.0
B0018,50,1.6607,24.0
B0018,51,1.6664,24.0
B0018,52,1.6468,24.0
B0018,53,1.6258,24.0
B0018,54,1.6122,24.0
B0018,55,1.6057,24.0
B0018,56,1.6736,24.0
B0018,57,1.6404,24.0
B0018,58,1.6133,24.0
B0018,59,1.5921,24.0
B0018,60,1.5866,24.0
B0018,61,1.5801,24.0
B0018,62,1.5642,24.0
B0018,63,1.5556,24.0
B0018,64,1.5402,24.0
B0018,65,1.5322,24.0
B0018,66,1.5316,24.0
B0018,67,1.5223,24.0
B0018,68,1.5065,24.0
B0018,69,1.5014,24.0
B0018,70,1.4964,24.0
B0018,71,1.5334,24.0
B0018,72,1.5238,24.0
B0018,73,1.5012,24.0
B0018,74,1.4924,24.0
B0018,75,1.4833,24.0
B0018,76,1.4807,24.0
B0018,77,1.4735,24.0
B0018,78,1.468,24.0
B0018,79,1.4581,24.0
B0018,80,1.4479,24.0
B0018,81,1.4528,24.0
B0018,82,1.4425,24.0
B0018,83,1.4393,24.0
B0018,84,1.4286,24.0
B0018,85,1.4249,24.0
B0018,86,1.4698,24.0
B0018,87,1.4526,24.0
B0018,88,1.4428,24.0
B0018,89,1.4284,24.0
B0018,90,1.4155,24.0
B0018,91,1.4546,24.0
B0018,92,1.4283,24.0
B0018,93,1.4197,24.0
B0018,94,1.4156,24.0
B0018,95,1.4057,24.0
B0018,96,1.4084,24.0
B0018,97,1.3969,24.0
B0018,98,1.3936,24.0
B0018,99,1.3894,24.0
B0018,100,1.3786,24.0
B0018,101,1.3849,24.0
B0018,102,1.3703,24.0
B0018,103,1.3733,24.0
B0018,104,1.3679,24.0
B0018,105,1.3567,24.0
B0018,106,1.4604,24.0
B0018,107,1.4501,24.0
B0018,108,1.4381,24.0
B0018,109,1.4284,24.0
B0018,110,1.4148,24.0
B0018,111,1.4139,24.0
B0018,112,1.3989,24.0
B0018,113,1.3953,24.0
B0018,114,1.39,24.0
B0018,115,1.386,24.0
B0018,116,1.3882,24.0
B0018,117,1.3762,24.0
B0018,118,1.3647,24.0
B0018,119,1.359,24.0
B0018,120,1.3462,24.0
B0018,121,1.4268,24.0
B0018,122,1.4064,24.0
B0018,123,1.3935,24.0
B0018,124,1.3882,24.0
B0018,125,1.3702,24.0
B0018,126,1.3797,24.0
B0018,127,1.3687,24.0
B0018,128,1.3627,24.0
B0018,129,1.3634,24.0
B0018,130,1.3519,24.0
B0018,131,1.3548,24.0
B0018,132,1.3411,24.0
